{
  "train_fire_acc": [
    0.6539923954372624,
    0.6539923954372624,
    0.6615969581749049,
    0.7110266159695817,
    0.7680608365019012,
    0.8136882129277566,
    0.870722433460076,
    0.8897338403041825,
    0.9201520912547528,
    0.9163498098859315,
    0.9429657794676806,
    0.9429657794676806,
    0.935361216730038,
    0.9505703422053232,
    0.9429657794676806,
    0.9619771863117871,
    0.9619771863117871,
    0.973384030418251,
    0.9809885931558935,
    0.9657794676806084,
    0.9581749049429658,
    0.9619771863117871,
    0.9505703422053232,
    0.9505703422053232,
    0.9619771863117871,
    0.9809885931558935,
    0.9961977186311787,
    0.9847908745247148,
    0.9923954372623575,
    0.9885931558935361,
    0.9923954372623575,
    0.9961977186311787,
    0.9923954372623575,
    0.9961977186311787,
    1.0,
    0.9961977186311787,
    0.9961977186311787,
    1.0,
    0.9961977186311787,
    0.9961977186311787,
    1.0,
    0.9961977186311787,
    0.9923954372623575,
    0.9809885931558935,
    0.9923954372623575,
    0.9809885931558935,
    0.9885931558935361,
    0.9847908745247148,
    0.9885931558935361,
    0.9961977186311787
  ],
  "val_fire_acc": [
    0.0,
    0.0,
    0.0,
    0.0,
    0.0,
    0.0,
    0.0,
    0.0,
    0.0,
    0.0,
    0.0,
    0.0,
    0.0,
    0.0,
    0.0,
    0.0,
    0.0,
    0.0,
    0.0,
    0.0,
    0.0,
    0.0,
    0.0,
    0.0,
    0.0,
    0.0,
    0.0,
    0.0,
    0.0,
    0.0,
    0.0,
    0.0,
    0.0,
    0.0,
    0.0,
    0.0,
    0.0,
    0.0,
    0.0,
    0.0,
    0.0,
    0.0,
    0.0,
    0.0,
    0.0,
    0.0,
    0.0,
    0.0,
    0.0,
    0.0
  ],
  "train_fuel_acc": [
    null,
    null,
    null,
    null,
    null,
    null,
    null,
    null,
    null,
    null,
    null,
    null,
    null,
    null,
    null,
    null,
    null,
    null,
    null,
    null,
    null,
    null,
    null,
    null,
    null,
    null,
    null,
    null,
    null,
    null,
    null,
    null,
    null,
    null,
    null,
    null,
    null,
    null,
    null,
    null,
    null,
    null,
    null,
    null,
    null,
    null,
    null,
    null,
    null,
    null
  ],
  "val_fuel_acc": [
    null,
    null,
    null,
    null,
    null,
    null,
    null,
    null,
    null,
    null,
    null,
    null,
    null,
    null,
    null,
    null,
    null,
    null,
    null,
    null,
    null,
    null,
    null,
    null,
    null,
    null,
    null,
    null,
    null,
    null,
    null,
    null,
    null,
    null,
    null,
    null,
    null,
    null,
    null,
    null,
    null,
    null,
    null,
    null,
    null,
    null,
    null,
    null,
    null,
    null
  ]
}